group,mean_arpu,std_arpu,count,t_statistic,p_value
A,5.012719113427253,1.4723133189725048,490,-6.797518286696996,1.830656403941253e-11
B,5.644638663047322,1.4667387151316624,510,-6.797518286696996,1.830656403941253e-11
